[
  {
    "Id": "1235985",
    "ThreadId": "542790",
    "Html": "Hello,\r<br />\n<br />\nWhy I can't change IsVisible property with WPF inspector? I can see it, but it is readonly.<br />\n",
    "PostedDate": "2014-04-20T16:41:50.32-07:00",
    "UserRole": null,
    "MarkedAsAnswerDate": null
  },
  {
    "Id": "1236118",
    "ThreadId": "542790",
    "Html": "Found Visibilitty property.\r<br />\nThanks.<br />\n",
    "PostedDate": "2014-04-21T05:03:57.023-07:00",
    "UserRole": null,
    "MarkedAsAnswerDate": "2014-04-21T05:04:01.61-07:00"
  }
]