[
  {
    "Id": "594768",
    "ThreadId": "253264",
    "Html": "\r\n<p>I'm building an application that uses a seperate thread for each window.</p>\r\n<p>When I attach to the application, I can only see the original thread windows. Is there a way to attach to the other threads?</p>\r\n",
    "PostedDate": "2011-04-09T17:19:49.47-07:00",
    "UserRole": null,
    "MarkedAsAnswerDate": null
  },
  {
    "Id": "603176",
    "ThreadId": "253264",
    "Html": "<p>Hi,</p>\r\n<p>currently it's not possible to inspect different threads, since the WPF inspector injects itself over the Windows message loop that runs in the main UI thread.</p>\r\n<p>Why do you need all these different threads? Can you maybe create a debug switch to run the application in one thread only for debugging it?</p>\r\n<p>Greetings<br />Christian</p>",
    "PostedDate": "2011-04-26T13:33:17.547-07:00",
    "UserRole": null,
    "MarkedAsAnswerDate": null
  },
  {
    "Id": "603200",
    "ThreadId": "253264",
    "Html": "<p>Each window needs to run independently, without dialog boxes preventing access to other windows.</p>\r\n<p>Is it possible to make the Inspector see the individual threads that have dispatchers when selecting an application to inspect?</p>",
    "PostedDate": "2011-04-26T14:01:45.56-07:00",
    "UserRole": null,
    "MarkedAsAnswerDate": null
  }
]