[
  {
    "Id": "592985",
    "ThreadId": "252818",
    "Html": "\r\n<p>WPF Inspector doesn't see Popup windows. Neither in the Visual/Logical Tree nor with hovering with the Ctrl-Key pressed.</p>\r\n<p>Is this a known limitation or a bug?</p>\r\n<p>Regards,</p>\r\n<p style=\"padding-left:30px\">Gunter</p>\r\n",
    "PostedDate": "2011-04-06T11:27:57.787-07:00",
    "UserRole": null,
    "MarkedAsAnswerDate": null
  },
  {
    "Id": "593497",
    "ThreadId": "252818",
    "Html": "<p>Hi Gunter,</p>\r\n<p>this is a limitation of the current version. I will try to adress this issue in future versions. You can try to use SNOOP to inspect popups, I think he is able to do that.<br /><a href=\"http://snoopwpf.codeplex.com/\">http://snoopwpf.codeplex.com/</a></p>\r\n<p>Greetings<br />Christian</p>",
    "PostedDate": "2011-04-07T06:35:25.213-07:00",
    "UserRole": null,
    "MarkedAsAnswerDate": null
  },
  {
    "Id": "593687",
    "ThreadId": "252818",
    "Html": "<p>Hi Christian,</p>\r\n<p>Unfortunately the application i am currently working on uses Popups heavily.</p>\r\n<p>And yes, Snoop can handle Popups.</p>\r\n<p>WPF Inspector has some great features so i am looking forward for a Popup-capable version in the future.</p>\r\n<p>&nbsp;</p>\r\n<p>Regards,</p>\r\n<p>Gunter</p>",
    "PostedDate": "2011-04-07T11:31:18.247-07:00",
    "UserRole": null,
    "MarkedAsAnswerDate": null
  }
]