[
  {
    "Id": "1063653",
    "ThreadId": "448840",
    "Html": "I created a <a href=\"http://dotnetsurfers.com/blog/2013/01/01/Developer-Tools-WPFInspector/\" rel=\"nofollow\">screencast</a> for wpf inspector.<br />\n",
    "PostedDate": "2013-07-02T08:29:58.06-07:00",
    "UserRole": null,
    "MarkedAsAnswerDate": null
  },
  {
    "Id": "1098824",
    "ThreadId": "448840",
    "Html": "hey screencast is not available. its showing 1 sec after clicking play button.<br />\n",
    "PostedDate": "2013-09-24T18:39:40.107-07:00",
    "UserRole": null,
    "MarkedAsAnswerDate": null
  },
  {
    "Id": "1099075",
    "ThreadId": "448840",
    "Html": "That was weird. Somehow youtube stopped playing that particular video at certain resolutions.\r<br />\nI have deleted that video and re-uploaded it, and it looks good to me now. Let me know if you still run into issues.<br />\n",
    "PostedDate": "2013-09-25T08:23:52.963-07:00",
    "UserRole": null,
    "MarkedAsAnswerDate": null
  }
]