[
  {
    "Id": "1050415",
    "ThreadId": "445398",
    "Html": "I run my app (F5 in Visual Studio), then run WPF Inspector and select to attach to the app. However, when I try to open the tree to explore the objects the whole thing crashes. I'm not sure what I'm doing wrong?\r<br />\n<br />\nNote that the app is actually a hybrid WinForms app that includes some WPF sections.\r<br />\n<br />\nThe exception details are:\r<br />\n<br />\nSystem.NullReferenceException was unhandled\r<br />\n  HResult=-2147467261\r<br />\n  Message=Object reference not set to an instance of an object.\r<br />\n  Source=Inspector\r<br />\n  StackTrace:<br />\n<pre><code>   at ChristianMoser.WpfInspector.Services.ElementTree.MouseElementService.GetElementAtMousePos()\n   at ChristianMoser.WpfInspector.Services.ElementTree.MouseElementService.OnAdornerTimerTick(Object sender, EventArgs e)\n   at System.Windows.Threading.DispatcherTimer.FireTick(Object unused)\n   at System.Windows.Threading.ExceptionWrapper.InternalRealCall(Delegate callback, Object args, Int32 numArgs)\n   at MS.Internal.Threading.ExceptionFilterHelper.TryCatchWhen(Object source, Delegate method, Object args, Int32 numArgs, Delegate catchHandler)\n   at System.Windows.Threading.DispatcherOperation.InvokeImpl()\n   at System.Windows.Threading.DispatcherOperation.InvokeInSecurityContext(Object state)\n   at System.Threading.ExecutionContext.RunInternal(ExecutionContext executionContext, ContextCallback callback, Object state, Boolean preserveSyncCtx)\n   at System.Threading.ExecutionContext.Run(ExecutionContext executionContext, ContextCallback callback, Object state, Boolean preserveSyncCtx)\n   at System.Threading.ExecutionContext.Run(ExecutionContext executionContext, ContextCallback callback, Object state)\n   at System.Windows.Threading.DispatcherOperation.Invoke()\n   at System.Windows.Threading.Dispatcher.ProcessQueue()\n   at System.Windows.Threading.Dispatcher.WndProcHook(IntPtr hwnd, Int32 msg, IntPtr wParam, IntPtr lParam, Boolean&amp; handled)\n   at MS.Win32.HwndWrapper.WndProc(IntPtr hwnd, Int32 msg, IntPtr wParam, IntPtr lParam, Boolean&amp; handled)\n   at MS.Win32.HwndSubclass.DispatcherCallbackOperation(Object o)\n   at System.Windows.Threading.ExceptionWrapper.InternalRealCall(Delegate callback, Object args, Int32 numArgs)\n   at MS.Internal.Threading.ExceptionFilterHelper.TryCatchWhen(Object source, Delegate method, Object args, Int32 numArgs, Delegate catchHandler)\n   at System.Windows.Threading.Dispatcher.LegacyInvokeImpl(DispatcherPriority priority, TimeSpan timeout, Delegate method, Object args, Int32 numArgs)\n   at MS.Win32.HwndSubclass.SubclassWndProc(IntPtr hwnd, Int32 msg, IntPtr wParam, IntPtr lParam)\n   at System.Windows.Forms.UnsafeNativeMethods.DispatchMessageW(MSG&amp; msg)\n   at System.Windows.Forms.Application.ComponentManager.System.Windows.Forms.UnsafeNativeMethods.IMsoComponentManager.FPushMessageLoop(IntPtr dwComponentID, Int32 reason, Int32 pvLoopData)\n   at System.Windows.Forms.Application.ThreadContext.RunMessageLoopInner(Int32 reason, ApplicationContext context)\n   at System.Windows.Forms.Application.ThreadContext.RunMessageLoop(Int32 reason, ApplicationContext context)\n   at System.Windows.Forms.Application.Run(Form mainForm)\n   at AzevaX.AzevaXAppLoader.ShowThread() in c:\\Work\\azevax\\trunk\\AzevaX\\AzevaXAppLoader.cs:line 19\n   at System.Threading.ThreadHelper.ThreadStart_Context(Object state)\n   at System.Threading.ExecutionContext.RunInternal(ExecutionContext executionContext, ContextCallback callback, Object state, Boolean preserveSyncCtx)\n   at System.Threading.ExecutionContext.Run(ExecutionContext executionContext, ContextCallback callback, Object state, Boolean preserveSyncCtx)\n   at System.Threading.ExecutionContext.Run(ExecutionContext executionContext, ContextCallback callback, Object state)\n   at System.Threading.ThreadHelper.ThreadStart()</code></pre>\n\nInnerException: <br />\n",
    "PostedDate": "2013-05-29T19:16:47.143-07:00",
    "UserRole": null,
    "MarkedAsAnswerDate": null
  }
]