[
  {
    "Id": "249316",
    "Title": "Request a Feature",
    "LatestDate": "2013-04-19T02:34:39.913-07:00"
  },
  {
    "Id": "249334",
    "Title": "Report an Issue",
    "LatestDate": "2011-07-13T08:22:50.947-07:00"
  },
  {
    "Id": "249576",
    "Title": "Attach to process running in Visual Studio",
    "LatestDate": "2011-03-15T03:50:50.947-07:00"
  },
  {
    "Id": "252818",
    "Title": "Popups",
    "LatestDate": "2011-04-07T11:31:18.247-07:00"
  },
  {
    "Id": "253264",
    "Title": "Windows on Different Threads",
    "LatestDate": "2011-04-26T14:01:45.56-07:00"
  },
  {
    "Id": "277665",
    "Title": "Can't run this application in Windows XP，.net 4.0",
    "LatestDate": "2013-07-23T10:14:10.81-07:00"
  },
  {
    "Id": "280797",
    "Title": "Handle events like Snoop",
    "LatestDate": "2011-11-24T23:16:02.893-08:00"
  },
  {
    "Id": "346957",
    "Title": "works with vs11beta, net4.5?",
    "LatestDate": "2012-03-01T19:36:27.133-08:00"
  },
  {
    "Id": "355980",
    "Title": "Not detecting Visual Studio 2010?",
    "LatestDate": "2013-04-30T07:43:22.517-07:00"
  },
  {
    "Id": "360577",
    "Title": "Trigger is too complex to expect. Problem",
    "LatestDate": "2012-06-22T02:31:58.307-07:00"
  },
  {
    "Id": "400024",
    "Title": "Export Property Grid",
    "LatestDate": "2012-10-19T03:09:59.933-07:00"
  },
  {
    "Id": "445398",
    "Title": "Crashing?",
    "LatestDate": "2013-05-29T19:16:47.143-07:00"
  },
  {
    "Id": "448840",
    "Title": "wpf inspector",
    "LatestDate": "2013-09-25T08:23:52.963-07:00"
  },
  {
    "Id": "455579",
    "Title": "WPF Inspector - .NEt 4.0",
    "LatestDate": "2013-09-05T01:48:38.19-07:00"
  },
  {
    "Id": "463052",
    "Title": "Question on the code",
    "LatestDate": "2013-10-21T15:25:18.48-07:00"
  },
  {
    "Id": "463373",
    "Title": "Missing Button.IsPressed",
    "LatestDate": "2013-10-24T02:14:01.177-07:00"
  },
  {
    "Id": "470554",
    "Title": "How to attach to external process when running WPF Inspector from Visual Studio? and/or rebuild?",
    "LatestDate": "2013-11-20T01:16:16.207-08:00"
  },
  {
    "Id": "542789",
    "Title": "IsVisible property",
    "LatestDate": "2014-04-20T16:41:49.65-07:00"
  },
  {
    "Id": "542790",
    "Title": "IsVisible property",
    "LatestDate": "2014-04-21T05:03:57.023-07:00"
  },
  {
    "Id": "545304",
    "Title": "VS 2012",
    "LatestDate": "2014-05-14T04:36:55.457-07:00"
  },
  {
    "Id": "586261",
    "Title": "Can we Inspect WPF element using code",
    "LatestDate": "2015-03-13T08:13:04.227-07:00"
  }
]