[
  {
    "Id": "837114",
    "ThreadId": "355980",
    "Html": "\r\n<p>I understood Visual Studio 2010 is a WPF application so why does WPF Inspector not detect it?</p>\r\n<p>Is there a workaround?</p>\r\n",
    "PostedDate": "2012-05-16T03:31:57.07-07:00",
    "UserRole": null,
    "MarkedAsAnswerDate": null
  },
  {
    "Id": "1037658",
    "ThreadId": "355980",
    "Html": "I had this same problem.  I was running Visual studio as administrator.   If you run VS as administrator then you also have to run WPF inspector as Administrator for the detection to work.<br />\n \r<br />\n Hope this helped.<br />\n",
    "PostedDate": "2013-04-30T07:43:22.517-07:00",
    "UserRole": null,
    "MarkedAsAnswerDate": null
  }
]