[
  {
    "Id": "578968",
    "ThreadId": "249316",
    "Html": "\r\n<p>Are you missing a feature in WPF Inspector? Just write your ideas here, and I try to integrate it in the next release.</p>\r\n",
    "PostedDate": "2011-03-11T04:28:53.9-08:00",
    "UserRole": null,
    "MarkedAsAnswerDate": null
  },
  {
    "Id": "580857",
    "ThreadId": "249316",
    "Html": "<p>Excellent tool. It would definitely be useful to be able to see a corresponding Automation Tree for the WPF elements.</p>",
    "PostedDate": "2011-03-15T11:07:46.96-07:00",
    "UserRole": null,
    "MarkedAsAnswerDate": null
  },
  {
    "Id": "585405",
    "ThreadId": "249316",
    "Html": "<p>Just installed it. Looks great. Good job.</p>",
    "PostedDate": "2011-03-23T18:02:36.32-07:00",
    "UserRole": null,
    "MarkedAsAnswerDate": null
  },
  {
    "Id": "652307",
    "ThreadId": "249316",
    "Html": "<p>The problem: I normally use WPF inspector to debug a running process. It requires me to start WPF inspector, and select the process to attach too. When I end my app, WPF Inspector exits too. This is quite cumbersome.</p>\r\n<p>Feature request: Would it be possible to automatically start WPF Inspector after my debug session was launched. Or, perhaps even easier, don't exit WPF Inspector when the attached application ends, but automatically re-attach when the process is relaunched.&nbsp;</p>",
    "PostedDate": "2011-08-04T05:04:27.333-07:00",
    "UserRole": null,
    "MarkedAsAnswerDate": null
  },
  {
    "Id": "652308",
    "ThreadId": "249316",
    "Html": "<p>The problem: When debugging an app, after a first debug session, I already know where the problem is. I normally fix something, and try to see if the problem has gone away. This often doesn't happen, so I need to find the troublesome location again. Sometimes, this is as easy as selecting the item again, but sometimes, it isn't (for example, when debugging a MS Surface application, the hover option doesn't work, so I need to manually browse through the visual tree).</p>\r\n<p>Feature request: allow me to bookmark a view, or else to search the visual tree (e.g. for MainView).</p>",
    "PostedDate": "2011-08-04T05:08:34.793-07:00",
    "UserRole": null,
    "MarkedAsAnswerDate": null
  },
  {
    "Id": "652327",
    "ThreadId": "249316",
    "Html": "<p>Another suggestion: currently, we can filter properties using a textbox. Sometimes, however, I'm interested in a few properties that require me to enter several keywords or see everything at once.</p>\r\n<p>Feature request: use pins to pin multiple properties (e.g. a pin next to the breakpoint), and an option to clear them all.</p>",
    "PostedDate": "2011-08-04T05:43:38.217-07:00",
    "UserRole": null,
    "MarkedAsAnswerDate": null
  },
  {
    "Id": "652328",
    "ThreadId": "249316",
    "Html": "<p>When navigating the visual tree with the keyboard, I noticed that the arrow keys don't work as (I) expected. The left/right arrows don't do anything.</p>\r\n<p>Feature request: implement the default arrow navigation behaviour, e.g. when I press left, I either navigate to the next child, or expand the current element. In addition, although less useful, + and - would allow me to expand/collapse everything at once.</p>",
    "PostedDate": "2011-08-04T05:45:51.783-07:00",
    "UserRole": null,
    "MarkedAsAnswerDate": null
  },
  {
    "Id": "680873",
    "ThreadId": "249316",
    "Html": "<p>Major feature request:&nbsp; <strong>WIFF</strong> - Where Is the <em>Fascinating </em>Focus.</p>\r\n<p>Sometimes keyboard focus goes who-knows-where, and knowing <em>where</em> focus&nbsp;landed may help when pondering <em>why</em> it landed there.&nbsp; UISpy in \"follow focus\" mode&nbsp;is helpful to a point, but it is dependent on the AP tree rather than the visual tree.</p>",
    "PostedDate": "2011-10-06T09:32:04.513-07:00",
    "UserRole": null,
    "MarkedAsAnswerDate": null
  },
  {
    "Id": "1032888",
    "ThreadId": "249316",
    "Html": "<ul>\n<li>Search visual tree for controls</li>\n<li>Pin properties at the top for I am currently inspecting, and clear, as erikvullings suggests</li>\n<li>Save screenshot! Allow the people who are writing documentation to use WPF Inspector to find the right control, and save a screenshot of the control only. Would make saving symbols much easier (same size, background, no noise)</li>\n</ul>\n",
    "PostedDate": "2013-04-19T02:34:39.913-07:00",
    "UserRole": null,
    "MarkedAsAnswerDate": null
  }
]