[
  {
    "Id": "579971",
    "ThreadId": "249576",
    "Html": "\r\n<p>Hi Christian.</p>\r\n<p>I like WPF Inspector. It seems really useful. I have situations where I need to ascertain why certain visual elements are behaving strangely and this tool seems perfect for the job.</p>\r\n<p>Yet, most of the time I am developing, I run my WPF applications through the Visual Studio Debug. In this situation, WPF Inspector does not seem to &quot;find&quot; my WPF Application and so I cannot attach to it.</p>\r\n<p>Is it because Visual Studio is already attached to it, or because it is running in the context of the Visual Studio debug?</p>\r\n<p>Is there any way to work around this limitation?</p>\r\n<p>Thank you.</p>\r\n<p>Jo&atilde;o Paulo Menezes</p>\r\n",
    "PostedDate": "2011-03-14T04:48:49.967-07:00",
    "UserRole": null,
    "MarkedAsAnswerDate": null
  },
  {
    "Id": "580222",
    "ThreadId": "249576",
    "Html": "<p>Hi Paulo,</p>\n<p>This seems to be a bug.&nbsp;I often attach to an application that is running in the Visual Studio&nbsp;debugger.</p>\n<p>Can you tell me a bit more about your environment. What Version of OS, .NET and Visual Studio are you using?</p>\n<p>Maybe you can download the sources and step through the code to see where it fails to detect the process.</p>\n<p>The processes are detected by enumerating through all windows of your system and see if the process behind has a&nbsp;WPF module loaded (PresentationCore, PresentationFramework, etc)<br />If you try to debug it, you can start with <span style=\"font-family: Consolas; font-size: x-small;\"><span style=\"font-family: Consolas; font-size: x-small;\"><span style=\"font-family: Consolas; color: #2b91af; font-size: x-small;\"><span style=\"font-family: Consolas; color: #2b91af; font-size: x-small;\"><span style=\"font-family: Consolas; color: #2b91af; font-size: x-small;\">ManagedApplicationsService.</span></span></span>GetManagedApplications()</span></span><span style=\"font-family: Consolas; font-size: x-small;\"><span style=\"font-family: Consolas; font-size: x-small;\">&nbsp;</span></span></p>\n<p>I hope this helps.</p>\n<p>Thanks for the feedback.<br />Christian</p>",
    "PostedDate": "2011-03-14T12:56:34.51-07:00",
    "UserRole": null,
    "MarkedAsAnswerDate": null
  },
  {
    "Id": "580649",
    "ThreadId": "249576",
    "Html": "<p>Hello again Christian,</p>\r\n<p>I found out what the problem was :)</p>\r\n<p>I usually run Visual Studio as Administrator and I was running WPF Inspector as a normal user. That was why it wasn't able to find the process. I ran WPF Inspector as Administrator and all went well :)</p>\r\n<p>If you still care to know, my environment:</p>\r\n<p>Windows 7 Enterprise x64 SP1</p>\r\n<p>Visual Studio 2010 Premium SP1</p>\r\n<p>.NET Framework 4.0</p>\r\n<p>Maybe one of this days I'll try the source code, just out of curiosity ;)</p>\r\n<p>Keep up the good work!</p>",
    "PostedDate": "2011-03-15T03:50:50.947-07:00",
    "UserRole": null,
    "MarkedAsAnswerDate": null
  }
]