[
  {
    "Id": "703244",
    "ThreadId": "280797",
    "Html": "\r\n<p>Snoop handles routed events, an extremely useful feature. &nbsp;However, its interface is clunky and doesn't let you drill directly to a certain part using Ctrl&#43;Shift click on the UI, so it can take forever to debug. &nbsp;If WPF Inspector allowed for event\r\n debugging, it would be the perfect all in one tool.</p>\r\n",
    "PostedDate": "2011-11-24T23:16:02.893-08:00",
    "UserRole": null,
    "MarkedAsAnswerDate": null
  }
]