[
  {
    "Id": "1126962",
    "ThreadId": "470554",
    "Html": "Hi Christian<br />\n<br />\nWhen I attach WPF Inspector to my app it crashes when starting to navigate, taking my app down so I tried to run WPF Inspector from Visual Studio but there i can only use it on the Test Window (there are no initial attach to list)<br />\nSame thing happens when running the compiled code<br />\n<br />\nThanks Jens<br />\n<br />\nPS.: Seems like it is injected code that crach as my code capture an exception from WpfInspector:<br />\nSystem.NullReferenceException: Object reference not set to an instance of an object.<br />\n   at ChristianMoser.WpfInspector.Services.StyleExplorer.StyleHelper.TryGetStyleItem(FrameworkElement owner, Style style, StyleItem&amp; styleItem)<br />\n   at ChristianMoser.WpfInspector.UserInterface.Controls.PropertyItems.StylePropertyItem.LoadStyles()<br />\n   at System.Windows.Threading.ExceptionWrapper.InternalRealCall(Delegate callback, Object args, Int32 numArgs)<br />\n   at MS.Internal.Threading.ExceptionFilterHelper.TryCatchWhen(Object source, Delegate method, Object args, Int32 numArgs, Delegate catchHandler)<br />\n   at System.Windows.Threading.DispatcherOperation.InvokeImpl()<br />\n   at System.Windows.Threading.DispatcherOperation.InvokeInSecurityContext(Object state)<br />\n   at System.Threading.ExecutionContext.RunInternal(ExecutionContext executionContext, ContextCallback callback, Object state, Boolean preserveSyncCtx)<br />\n   at System.Threading.ExecutionContext.Run(ExecutionContext executionContext, ContextCallback callback, Object state, Boolean preserveSyncCtx)<br />\n   at System.Threading.ExecutionContext.Run(ExecutionContext executionContext, ContextCallback callback, Object state)<br />\n   at System.Windows.Threading.DispatcherOperation.Invoke()<br />\n   at System.Windows.Threading.Dispatcher.ProcessQueue()<br />\n   at System.Windows.Threading.Dispatcher.WndProcHook(IntPtr hwnd, Int32 msg, IntPtr wParam, IntPtr lParam, Boolean&amp; handled)<br />\n   at MS.Win32.HwndWrapper.WndProc(IntPtr hwnd, Int32 msg, IntPtr wParam, IntPtr lParam, Boolean&amp; handled)<br />\n   at MS.Win32.HwndSubclass.DispatcherCallbackOperation(Object o)<br />\n   at System.Windows.Threading.ExceptionWrapper.InternalRealCall(Delegate callback, Object args, Int32 numArgs)<br />\n   at MS.Internal.Threading.ExceptionFilterHelper.TryCatchWhen(Object source, Delegate method, Object args, Int32 numArgs, Delegate catchHandler)<br />\n   at System.Windows.Threading.Dispatcher.LegacyInvokeImpl(DispatcherPriority priority, TimeSpan timeout, Delegate method, Object args, Int32 numArgs)<br />\n   at MS.Win32.HwndSubclass.SubclassWndProc(IntPtr hwnd, Int32 msg, IntPtr wParam, IntPtr lParam)<br />\n   at MS.Win32.UnsafeNativeMethods.DispatchMessage(MSG&amp; msg)<br />\n   at System.Windows.Threading.Dispatcher.PushFrameImpl(DispatcherFrame frame)<br />\n   at System.Windows.Threading.Dispatcher.PushFrame(DispatcherFrame frame)<br />\n   at System.Windows.Threading.Dispatcher.Run()<br />\n   at MyWPF.ThreadStartingPoint() in  c:\\MyFolder\\MYWPF.cs:line 335<br />\n",
    "PostedDate": "2013-11-20T01:16:16.207-08:00",
    "UserRole": null,
    "MarkedAsAnswerDate": null
  }
]