[
  {
    "Id": "691236",
    "ThreadId": "277665",
    "Html": "\r\n<p>I installed WPF inspector after installed .net framework 4.0 which worked well.But I received an error which said &quot;Unable to find a version of the run this application&quot;.Some one can tell me &nbsp;why?</p>\r\n<p>Appreciate for any replay.</p>\r\n",
    "PostedDate": "2011-10-29T21:14:03.87-07:00",
    "UserRole": null,
    "MarkedAsAnswerDate": null
  },
  {
    "Id": "1022772",
    "ThreadId": "277665",
    "Html": "<strong>GarfieldJiang wrote:</strong><br />\n<blockquote>\nI installed WPF inspector after installed .net framework 4.0 which worked well.But I received an error which said &quot;Unable to find a version of the run this application&quot;.Some one can tell me &nbsp;why? Appreciate for any replay.<br />\n</blockquote>\nSame problem, any idea?<br />\n",
    "PostedDate": "2013-03-28T21:39:35.553-07:00",
    "UserRole": null,
    "MarkedAsAnswerDate": null
  },
  {
    "Id": "1023415",
    "ThreadId": "277665",
    "Html": "no idea.<br />\n",
    "PostedDate": "2013-03-31T04:16:03.037-07:00",
    "UserRole": null,
    "MarkedAsAnswerDate": null
  },
  {
    "Id": "1071805",
    "ThreadId": "277665",
    "Html": "Same problem. XP SP3 machine, with .NET 4.0 Client Profile installed and the update 4.0.3 installed. I've tried installing the full framework version, no success.<br />\n",
    "PostedDate": "2013-07-23T07:30:58.067-07:00",
    "UserRole": null,
    "MarkedAsAnswerDate": null
  },
  {
    "Id": "1071846",
    "ThreadId": "277665",
    "Html": "I've installed .NET 3.5 (full, SP1) and it worked. It seems .NET 4.0 does not install the other .NET versions.<br />\n",
    "PostedDate": "2013-07-23T10:14:10.81-07:00",
    "UserRole": null,
    "MarkedAsAnswerDate": null
  }
]