[
  {
    "Id": "1088652",
    "ThreadId": "455579",
    "Html": "Hello All,<br />\n<br />\nWPF inspector worked fine for small wpf applicaton in VC#. I am trying to attach WPF inspector to my WPF application developed in VB.net and its a big application. <br />\nIt throws an error :<br />\n<br />\nException has thrown by target of invokation.<br />\n<h2>_</h2>\n<h2>Application inspection failed.</h2>\n<h2>This request operation sent to net.pipe://localhost/ProcessService did not receive a reply within the configured timeout (00:01:00).  The time allotted to this operation may have been a portion of a longer timeout.  This may be because the service is still processing the operation or because the service was unable to send a reply message.  Please consider increasing the operation timeout (by casting the channel/proxy to IContextChannel and setting the OperationTimeout property) and ensure that the service is able to connect to the client.</h2>\n<h2>OK   \n</h2>\n<strong><em>OS : windows 8 <br />\n.Net &quot; 4.0<br />\nWPF Inspector : 0.0.9</em></strong>_<br />\n<br />\nPlease provide the solution ASAP. <br />\nThanks,<br />\nSyed<br />\n",
    "PostedDate": "2013-09-05T01:48:38.19-07:00",
    "UserRole": null,
    "MarkedAsAnswerDate": null
  }
]