[
  {
    "Id": "1110280",
    "ThreadId": "463052",
    "Html": "I have a 3rd party WPF app that I'm trying to use WPF Inspector to extract textbox values from.  I'm trying to see how WPF Inspector achieves this.  I can't easily tell where in the source code it does this.  I'm guessing it's somewhere in the Services\\ElementTree folder.  Can someone point me to where WPF Inspector actually reads values in?\r<br />\n<br />\nI tried using breakpoints so it breaks when the value changes.  But this makes the whole WPF Inspector crash when it is supposed to break.  Does anyone know how to fix this?\r<br />\n<br />\nThanks!<br />\n",
    "PostedDate": "2013-10-21T15:25:18.48-07:00",
    "UserRole": null,
    "MarkedAsAnswerDate": null
  }
]