[
  {
    "Id": "579035",
    "ThreadId": "249334",
    "Html": "\r\n<p>If something does not work as expected or you face other problems using WPF Inspector, report your issue and I try to fix it as soon as possible.</p>\r\n",
    "PostedDate": "2011-03-11T06:51:41.34-08:00",
    "UserRole": null,
    "MarkedAsAnswerDate": null
  },
  {
    "Id": "641735",
    "ThreadId": "249334",
    "Html": "<p>Hi Chrisitan,</p>\r\n<p>It would be great if WPFInspector could catch Popup objects.</p>",
    "PostedDate": "2011-07-13T08:22:50.947-07:00",
    "UserRole": null,
    "MarkedAsAnswerDate": null
  }
]