{
  "WorkItem": {
    "AffectedComponent": {
      "Name": "",
      "DisplayName": ""
    },
    "ClosedComment": "Fixed",
    "ClosedDate": "2011-03-18T10:47:18.24-07:00",
    "CommentCount": 0,
    "Custom": null,
    "Description": "When multiple WPF applications are running, no matter wich one I select WPF Inspector attach itself to the first in the list",
    "LastUpdatedDate": "2013-05-16T03:37:06.487-07:00",
    "PlannedForRelease": "",
    "ReleaseVisibleToPublic": false,
    "Priority": {
      "Name": "Low",
      "Severity": 50,
      "Id": 1
    },
    "ProjectName": "wpfinspector",
    "ReportedDate": "2011-03-17T03:46:55.783-07:00",
    "Status": {
      "Name": "Closed",
      "Id": 4
    },
    "ReasonClosed": {
      "Name": "Unassigned"
    },
    "Summary": "Can't select WPF application",
    "Type": {
      "Name": "Issue",
      "Id": 3
    },
    "VoteCount": 1,
    "Id": 489
  },
  "FileAttachments": [],
  "Comments": [
    {
      "Message": "Added missing IsSynchronizedWithCurrentItem to application list\r\n(Revision 4734)",
      "PostedDate": "2011-03-18T10:46:54.683-07:00",
      "Id": -2147483648
    },
    {
      "Message": "",
      "PostedDate": "2011-03-18T10:47:18.24-07:00",
      "Id": -2147483648
    },
    {
      "Message": "",
      "PostedDate": "2013-02-21T15:55:20.36-08:00",
      "Id": -2147483648
    },
    {
      "Message": "",
      "PostedDate": "2013-05-16T03:37:06.487-07:00",
      "Id": -2147483648
    }
  ]
}