{
  "WorkItem": {
    "AffectedComponent": {
      "Name": "",
      "DisplayName": ""
    },
    "ClosedComment": "",
    "ClosedDate": null,
    "CommentCount": 0,
    "Custom": null,
    "Description": "When I'm selecting some element by Ctrl+LeftMouseButton element is focused in elements tree. Elements tree is expanded and scrolled to make selected element visible. But it is scrolled only vertically and if nesting is high, we can see just a blank view, because selected element is far to the right. I think elements tree content should be scrolled maximum to the right each time.",
    "LastUpdatedDate": "2013-02-21T15:55:19.373-08:00",
    "PlannedForRelease": "",
    "ReleaseVisibleToPublic": false,
    "Priority": {
      "Name": "Low",
      "Severity": 50,
      "Id": 1
    },
    "ProjectName": "wpfinspector",
    "ReportedDate": "2012-09-13T22:49:06.73-07:00",
    "Status": {
      "Name": "Proposed",
      "Id": 1
    },
    "ReasonClosed": {
      "Name": "Unassigned"
    },
    "Summary": "Elements tree display glitch",
    "Type": {
      "Name": "Issue",
      "Id": 3
    },
    "VoteCount": 1,
    "Id": 1054
  },
  "FileAttachments": [],
  "Comments": []
}