{
  "WorkItem": {
    "AffectedComponent": {
      "Name": "",
      "DisplayName": ""
    },
    "ClosedComment": "",
    "ClosedDate": null,
    "CommentCount": 0,
    "Custom": null,
    "Description": "Hello,\n \nI am running 0.9.9 and keep getting the \"Trigger too complex to inspect!\" exception when I try to inspect text blocks that have data triggers in their styles.  The styles are defined in a separate assembly and are referred to using {DynamicResource}.  Also the styles utilize inheritance via the BasedOn attribute.  The WPF inspector app crashes :-(",
    "LastUpdatedDate": "2015-10-15T07:30:25.593-07:00",
    "PlannedForRelease": "",
    "ReleaseVisibleToPublic": false,
    "Priority": {
      "Name": "Low",
      "Severity": 50,
      "Id": 1
    },
    "ProjectName": "wpfinspector",
    "ReportedDate": "2011-07-19T13:30:48.993-07:00",
    "Status": {
      "Name": "Proposed",
      "Id": 1
    },
    "ReasonClosed": {
      "Name": "Unassigned"
    },
    "Summary": "Still getting \"Trigger too complex to inspect!\" crash message",
    "Type": {
      "Name": "Issue",
      "Id": 3
    },
    "VoteCount": 6,
    "Id": 663
  },
  "FileAttachments": [],
  "Comments": [
    {
      "Message": "Forgot to add, the data trigger binding uses a converter, in case that info helps.",
      "PostedDate": "2011-07-19T13:32:57.197-07:00",
      "Id": -2147483648
    },
    {
      "Message": "More Info --- this exception is preventing me from using the app almost entirely.  I hit it all the time.\r\n\r\nSystem.IndexOutOfRangeException\r\n\r\n   at ChristianMoser.WpfInspector.Services.Triggers.ConditionItem.GetPropertyFromIndex(Int32 index)\r\n   at ChristianMoser.WpfInspector.Services.Triggers.ConditionItem.HookBinding()\r\n   at ChristianMoser.WpfInspector.Services.Triggers.ConditionItem..ctor(BindingBase binding, Object instance, Object value)\r\n   at ChristianMoser.WpfInspector.Services.Triggers.DataTriggerItem.<GetConditions>d__1.MoveNext()\r\n   at System.Collections.Generic.List`1.InsertRange(Int32 index, IEnumerable`1 collection)\r\n   at System.Collections.Generic.List`1.AddRange(IEnumerable`1 collection)\r\n   at ChristianMoser.WpfInspector.Services.Triggers.TriggerItemBase.Initialize()\r\n   at ChristianMoser.WpfInspector.Services.Triggers.TriggerItemFactory.GetTriggerItem(TriggerBase trigger, FrameworkElement source, TriggerSource triggerSource)\r\n   at ChristianMoser.WpfInspector.Services.StyleExplorer.StyleItem..ctor(Style style, FrameworkElement source, String name, String location, StyleScope scope)\r\n   at ChristianMoser.WpfInspector.UserInterface.Controls.PropertyItems.StylePropertyItem.LoadStyles()\r\n   at System.Windows.Threading.ExceptionWrapper.InternalRealCall(Delegate callback, Object args, Int32 numArgs)\r\n   at MS.Internal.Threading.ExceptionFilterHelper.TryCatchWhen(Object source, Delegate method, Object args, Int32 numArgs, Delegate catchHandler)\r\n   at System.Windows.Threading.DispatcherOperation.InvokeImpl()\r\n   at System.Windows.Threading.DispatcherOperation.InvokeInSecurityContext(Object state)\r\n   at System.Threading.ExecutionContext.runTryCode(Object userData)\r\n   at System.Runtime.CompilerServices.RuntimeHelpers.ExecuteCodeWithGuaranteedCleanup(TryCode code, CleanupCode backoutCode, Object userData)\r\n   at System.Threading.ExecutionContext.RunInternal(ExecutionContext executionContext, ContextCallback callback, Object state)\r\n   at System.Threading.ExecutionContext.Run(ExecutionContext executionContext, ContextCallback callback, Object state, Boolean ignoreSyncCtx)\r\n   at System.Threading.ExecutionContext.Run(ExecutionContext executionContext, ContextCallback callback, Object state)\r\n   at System.Windows.Threading.DispatcherOperation.Invoke()\r\n   at System.Windows.Threading.Dispatcher.ProcessQueue()\r\n   at System.Windows.Threading.Dispatcher.WndProcHook(IntPtr hwnd, Int32 msg, IntPtr wParam, IntPtr lParam, Boolean& handled)\r\n   at MS.Win32.HwndWrapper.WndProc(IntPtr hwnd, Int32 msg, IntPtr wParam, IntPtr lParam, Boolean& handled)\r\n   at MS.Win32.HwndSubclass.DispatcherCallbackOperation(Object o)\r\n   at System.Windows.Threading.ExceptionWrapper.InternalRealCall(Delegate callback, Object args, Int32 numArgs)\r\n   at MS.Internal.Threading.ExceptionFilterHelper.TryCatchWhen(Object source, Delegate method, Object args, Int32 numArgs, Delegate catchHandler)\r\n   at System.Windows.Threading.Dispatcher.InvokeImpl(DispatcherPriority priority, TimeSpan timeout, Delegate method, Object args, Int32 numArgs)\r\n   at MS.Win32.HwndSubclass.SubclassWndProc(IntPtr hwnd, Int32 msg, IntPtr wParam, IntPtr lParam)\r\n   at MS.Win32.UnsafeNativeMethods.DispatchMessage(MSG& msg)\r\n   at System.Windows.Threading.Dispatcher.PushFrameImpl(DispatcherFrame frame)\r\n   at System.Windows.Threading.Dispatcher.PushFrame(DispatcherFrame frame)\r\n   at System.Windows.Threading.Dispatcher.Run()\r\n   at System.Windows.Application.RunDispatcher(Object ignore)\r\n   at System.Windows.Application.RunInternal(Window window)\r\n   at System.Windows.Application.Run(Window window)\r\n   at System.Windows.Application.Run()\r\n   at Schilling.Robotics.ROV.HMI.Shell.App.Main() in C:\\HHProduction\\Schilling.Robotics.Framework\\Dev\\Framework\\Application_ROV\\HMI\\Shell\\obj\\x86\\Debug\\App.g.cs:line 52\r\n   at System.AppDomain._nExecuteAssembly(RuntimeAssembly assembly, String[] args)\r\n   at System.AppDomain.ExecuteAssembly(String assemblyFile, Evidence assemblySecurity, String[] args)\r\n   at Microsoft.VisualStudio.HostingProcess.HostProc.RunUsersAssembly()\r\n   at System.Threading.ThreadHelper.ThreadStart_Context(Object state)\r\n   at System.Threading.ExecutionContext.Run(ExecutionContext executionContext, ContextCallback callback, Object state, Boolean ignoreSyncCtx)\r\n   at System.Threading.ExecutionContext.Run(ExecutionContext executionContext, ContextCallback callback, Object state)\r\n   at System.Threading.ThreadHelper.ThreadStart()",
      "PostedDate": "2011-07-19T15:35:40.3-07:00",
      "Id": -2147483648
    },
    {
      "Message": "",
      "PostedDate": "2011-08-31T02:59:03.44-07:00",
      "Id": -2147483648
    },
    {
      "Message": "We're having the same issue.\r\nI'd be glad to provide additional information if needed.\r\n\r\nThank you for your time - and the great tool!",
      "PostedDate": "2012-03-27T01:53:27.363-07:00",
      "Id": -2147483648
    },
    {
      "Message": "",
      "PostedDate": "2012-05-18T07:42:25.59-07:00",
      "Id": -2147483648
    },
    {
      "Message": "",
      "PostedDate": "2012-08-22T10:09:18.85-07:00",
      "Id": -2147483648
    },
    {
      "Message": "",
      "PostedDate": "2013-02-21T15:55:20.067-08:00",
      "Id": -2147483648
    },
    {
      "Message": "",
      "PostedDate": "2013-04-05T10:07:43.053-07:00",
      "Id": -2147483648
    },
    {
      "Message": "I am getting the same issue. Not sure if it is related to DataTriggers and or Converters, event though I use both. ",
      "PostedDate": "2015-10-15T07:29:29.58-07:00",
      "Id": -2147483648
    },
    {
      "Message": "",
      "PostedDate": "2015-10-15T07:30:25.593-07:00",
      "Id": -2147483648
    }
  ]
}