{
  "WorkItem": {
    "AffectedComponent": {
      "Name": "",
      "DisplayName": ""
    },
    "ClosedComment": "",
    "ClosedDate": null,
    "CommentCount": 0,
    "Custom": null,
    "Description": "After I installed Visual Studio 2015 Update 2, I started receiving this exception when I attached with WPF Inspector.  \n\nException:\n{\"The calling thread cannot access this object because a different thread owns it.\"}\n\nCode looks like this:\n   public void AddImportantSystemEvents(SystemEvent systemEvent)\n        {\n            ThreadPool.QueueUserWorkItem(_ =>\n            {\n                DispatchService.Invoke(() => _systemStatusDataCollection.Insert(0, systemEvent));\n                OnPropertyChanged(\"SystemStatusDataCollection\");  __<- exception happens here__\n            }\n            );\n        }\n\nStack Trace:\n\n   at System.Windows.Threading.Dispatcher.VerifyAccess()\n   at System.Windows.DependencyObject.GetValue(DependencyProperty dp)\n   at System.Windows.Controls.ItemsControl.get_GroupStyleSelector()\n   at System.Windows.Controls.ItemsControl.MS.Internal.Controls.IGeneratorHost.GetGroupStyle(CollectionViewGroup group, Int32 level)\n   at System.Windows.Controls.ItemContainerGenerator.PrepareGrouping()\n   at System.Windows.Controls.ItemContainerGenerator.RemoveAllInternal(Boolean saveRecycleQueue)\n   at System.Windows.Controls.ItemContainerGenerator.System.Windows.Controls.Primitives.IItemContainerGenerator.RemoveAll()\n   at System.Windows.Controls.ItemContainerGenerator.OnRefresh()\n   at System.Windows.Controls.ItemContainerGenerator.OnCollectionChanged(Object sender, NotifyCollectionChangedEventArgs args)\n   at System.Windows.WeakEventManager.ListenerList`1.DeliverEvent(Object sender, EventArgs e, Type managerType)\n   at System.Windows.WeakEventManager.DeliverEvent(Object sender, EventArgs args)\n   at System.Collections.Specialized.CollectionChangedEventManager.OnCollectionChanged(Object sender, NotifyCollectionChangedEventArgs args)\n   at System.Collections.Specialized.NotifyCollectionChangedEventHandler.Invoke(Object sender, NotifyCollectionChangedEventArgs e)\n   at System.Windows.Data.CollectionView.OnCollectionChanged(NotifyCollectionChangedEventArgs args)\n   at System.Windows.Controls.ItemCollection.OnViewCollectionChanged(Object sender, NotifyCollectionChangedEventArgs e)\n   at System.Windows.WeakEventManager.ListenerList`1.DeliverEvent(Object sender, EventArgs e, Type managerType)\n   at System.Windows.WeakEventManager.DeliverEvent(Object sender, EventArgs args)\n   at System.Collections.Specialized.CollectionChangedEventManager.OnCollectionChanged(Object sender, NotifyCollectionChangedEventArgs args)\n   at System.Windows.Data.CollectionView.OnCollectionChanged(NotifyCollectionChangedEventArgs args)\n   at System.Windows.Data.ListCollectionView.RefreshOverride()\n   at System.Windows.Data.CollectionView.RefreshInternal()\n   at System.Windows.Data.CollectionView.Refresh()\n   at ChristianMoser.WpfInspector.UserInterface.Controls.PropertyItems.ListPropertyItem.BuildPropertyItemList()\n   at ChristianMoser.WpfInspector.UserInterface.Controls.PropertyItems.CompositePropertyItem.OnValueChanged(Object sender, EventArgs e)\n   at System.EventHandler.Invoke(Object sender, EventArgs e)\n   at System.ComponentModel.PropertyDescriptor.OnValueChanged(Object component, EventArgs e)\n   at System.ComponentModel.ReflectPropertyDescriptor.OnValueChanged(Object component, EventArgs e)\n   at System.ComponentModel.ReflectPropertyDescriptor.OnINotifyPropertyChanged(Object component, PropertyChangedEventArgs e)\n   at System.ComponentModel.PropertyChangedEventHandler.Invoke(Object sender, PropertyChangedEventArgs e)\n   at Prism.Mvvm.BindableBase.OnPropertyChanged(String propertyName)\n   at App.ViewModels.MainWindowViewModel.<>c__DisplayClass525_0.<AddImportantSystemEvents>b__0(Object _) in C:\\alcs_v2\\SCEEDSv2\\UI\\LaserControl\\ViewModels\\MainWindowViewModel.cs:line 1895\n   at System.Threading.QueueUserWorkItemCallback.WaitCallback_Context(Object state)\n   at System.Threading.ExecutionContext.RunInternal(ExecutionContext executionContext, ContextCallback callback, Object state, Boolean preserveSyncCtx)\n   at System.Threading.ExecutionContext.Run(ExecutionContext executionContext, ContextCallback callback, Object state, Boolean preserveSyncCtx)\n   at System.Threading.QueueUserWorkItemCallback.System.Threading.IThreadPoolWorkItem.ExecuteWorkItem()\n   at System.Threading.ThreadPoolWorkQueue.Dispatch()\n   at System.Threading._ThreadPoolWaitCallback.PerformWaitCallback()",
    "LastUpdatedDate": "2016-04-28T09:10:08.563-07:00",
    "PlannedForRelease": "",
    "ReleaseVisibleToPublic": false,
    "Priority": {
      "Name": "Unassigned",
      "Severity": 0,
      "Id": 0
    },
    "ProjectName": "wpfinspector",
    "ReportedDate": "2016-04-28T09:10:08.563-07:00",
    "Status": {
      "Name": "Proposed",
      "Id": 1
    },
    "ReasonClosed": {
      "Name": "Unassigned"
    },
    "Summary": "{\"The calling thread cannot access this object because a different thread owns it.\"}",
    "Type": {
      "Name": "Unassigned",
      "Id": 5
    },
    "VoteCount": 1,
    "Id": 1640
  },
  "FileAttachments": [],
  "Comments": []
}