{
  "WorkItem": {
    "AffectedComponent": {
      "Name": "",
      "DisplayName": ""
    },
    "ClosedComment": "",
    "ClosedDate": null,
    "CommentCount": 0,
    "Custom": null,
    "Description": "I keep getting this error after starting the inspector and looking at a control we have in our project.  It takes down both apps.  It's making it impossible to use the tool.  Unfortunately Snoop also seems to have this issue too...\n\nException Message:  Unable to cast object of type 'System.Windows.EventSetter' to type 'System.Windows.Setter'.\n\nException Call Stack: \n   at ChristianMoser.WpfInspector.Services.StyleExplorer.StyleItem..ctor(Style style, FrameworkElement source, String name, String location, StyleScope scope)\n   at ChristianMoser.WpfInspector.UserInterface.Controls.PropertyItems.StylePropertyItem.LoadStyles()",
    "LastUpdatedDate": "2014-08-13T05:45:00.167-07:00",
    "PlannedForRelease": "",
    "ReleaseVisibleToPublic": false,
    "Priority": {
      "Name": "Unassigned",
      "Severity": 0,
      "Id": 0
    },
    "ProjectName": "wpfinspector",
    "ReportedDate": "2013-05-21T16:49:58.313-07:00",
    "Status": {
      "Name": "Proposed",
      "Id": 1
    },
    "ReasonClosed": {
      "Name": "Unassigned"
    },
    "Summary": "Unable to cast EventSetter Exception",
    "Type": {
      "Name": "Unassigned",
      "Id": 5
    },
    "VoteCount": 2,
    "Id": 1171
  },
  "FileAttachments": [],
  "Comments": []
}