{
  "WorkItem": {
    "AffectedComponent": {
      "Name": "",
      "DisplayName": ""
    },
    "ClosedComment": "",
    "ClosedDate": null,
    "CommentCount": 0,
    "Custom": null,
    "Description": "I have a WPF application which is easily searched by the WPF Inspector, but as soon as i am trying to attach the WPF inspector to my application, the application throws this exception: \"Exception has been thrown by the target of an invocation\" .",
    "LastUpdatedDate": "2016-10-14T09:57:43.38-07:00",
    "PlannedForRelease": "",
    "ReleaseVisibleToPublic": false,
    "Priority": {
      "Name": "Unassigned",
      "Severity": 0,
      "Id": 0
    },
    "ProjectName": "wpfinspector",
    "ReportedDate": "2016-10-14T09:57:42.803-07:00",
    "Status": {
      "Name": "Proposed",
      "Id": 1
    },
    "ReasonClosed": {
      "Name": "Unassigned"
    },
    "Summary": "Target throws exception when attaching Inspector",
    "Type": {
      "Name": "Unassigned",
      "Id": 5
    },
    "VoteCount": 1,
    "Id": 1654
  },
  "FileAttachments": [
    {
      "FileId": 621,
      "FileName": "WPF_Inspector.png",
      "DownloadUrl": ".\\621"
    }
  ],
  "Comments": []
}