{
  "WorkItem": {
    "AffectedComponent": {
      "Name": "",
      "DisplayName": ""
    },
    "ClosedComment": "",
    "ClosedDate": null,
    "CommentCount": 0,
    "Custom": null,
    "Description": "When I try to attach the WPF Inspector to my 64bit framework 4.0 application it gives me the following error:\n \nThe handle is invalid.\n \n(Screenshot attached but in german language.)\n \nKind Regards,\n \nJ. H.",
    "LastUpdatedDate": "2013-02-21T15:55:20.54-08:00",
    "PlannedForRelease": "",
    "ReleaseVisibleToPublic": false,
    "Priority": {
      "Name": "Low",
      "Severity": 50,
      "Id": 1
    },
    "ProjectName": "wpfinspector",
    "ReportedDate": "2011-03-11T04:32:49.22-08:00",
    "Status": {
      "Name": "Proposed",
      "Id": 1
    },
    "ReasonClosed": {
      "Name": "Unassigned"
    },
    "Summary": "The handle is invalid.",
    "Type": {
      "Name": "Issue",
      "Id": 3
    },
    "VoteCount": 1,
    "Id": 474
  },
  "FileAttachments": [
    {
      "FileId": 175,
      "FileName": "error.jpg",
      "DownloadUrl": ".\\175"
    }
  ],
  "Comments": [
    {
      "Message": "Hi,\r\n\r\nthank you for the feedback. I tried to reproduce the problem, but on my machine it worked. \r\nCan you provide some more details about your system configuration. OS version, versions of VisualStudio and .NET runtimes installed? Or can you download the source code and try to debug the problem? This would help me the most.\r\n\r\nThanks\r\nChristian",
      "PostedDate": "2011-03-20T13:50:52.997-07:00",
      "Id": -2147483648
    },
    {
      "Message": "Hi Christian,\r\n\r\nI found out that this problem is caused because I \"just\" start WPF Inspector.\r\n\r\nIf I start the WPF Inspector using right mouse click - \"run as administrator\" the error disappears.\r\n\r\nKR,\r\nJ. H.",
      "PostedDate": "2011-03-23T02:32:29.737-07:00",
      "Id": -2147483648
    },
    {
      "Message": "",
      "PostedDate": "2013-02-21T15:55:20.54-08:00",
      "Id": -2147483648
    }
  ]
}