{
  "WorkItem": {
    "AffectedComponent": {
      "Name": "",
      "DisplayName": ""
    },
    "ClosedComment": "",
    "ClosedDate": null,
    "CommentCount": 0,
    "Custom": null,
    "Description": "I get the following exception thrown when I try to inspect a WPF application, either by navigating through the tree in WPF Inspector, or when trying to find an element using Ctrl + mouse hover\n\nSystem.NullReferenceException occurred\n  HResult=-2147467261\n  Message=Object reference not set to an instance of an object.\n  Source=Inspector\n  StackTrace:\n       at ChristianMoser.WpfInspector.Services.ElementTree.MouseElementService.GetElementAtMousePos()\n       at ChristianMoser.WpfInspector.Services.ElementTree.MouseElementService.OnAdornerTimerTick(Object sender, EventArgs e)\n       at System.Windows.Threading.DispatcherTimer.FireTick(Object unused)\n       at System.Windows.Threading.ExceptionWrapper.InternalRealCall(Delegate callback, Object args, Int32 numArgs)\n       at MS.Internal.Threading.ExceptionFilterHelper.TryCatchWhen(Object source, Delegate method, Object args, Int32 numArgs, Delegate catchHandler)\n       at System.Windows.Threading.DispatcherOperation.InvokeImpl()\n       at System.Windows.Threading.DispatcherOperation.InvokeInSecurityContext(Object state)\n       at System.Threading.ExecutionContext.RunInternal(ExecutionContext executionContext, ContextCallback callback, Object state, Boolean preserveSyncCtx)\n       at System.Threading.ExecutionContext.Run(ExecutionContext executionContext, ContextCallback callback, Object state, Boolean preserveSyncCtx)\n       at System.Threading.ExecutionContext.Run(ExecutionContext executionContext, ContextCallback callback, Object state)\n       at System.Windows.Threading.DispatcherOperation.Invoke()\n       at System.Windows.Threading.Dispatcher.ProcessQueue()\n       at System.Windows.Threading.Dispatcher.WndProcHook(IntPtr hwnd, Int32 msg, IntPtr wParam, IntPtr lParam, Boolean& handled)\n       at MS.Win32.HwndWrapper.WndProc(IntPtr hwnd, Int32 msg, IntPtr wParam, IntPtr lParam, Boolean& handled)\n       at MS.Win32.HwndSubclass.DispatcherCallbackOperation(Object o)\n       at System.Windows.Threading.ExceptionWrapper.InternalRealCall(Delegate callback, Object args, Int32 numArgs)\n       at MS.Internal.Threading.ExceptionFilterHelper.TryCatchWhen(Object source, Delegate method, Object args, Int32 numArgs, Delegate catchHandler)\n       at System.Windows.Threading.Dispatcher.LegacyInvokeImpl(DispatcherPriority priority, TimeSpan timeout, Delegate method, Object args, Int32 numArgs)\n       at MS.Win32.HwndSubclass.SubclassWndProc(IntPtr hwnd, Int32 msg, IntPtr wParam, IntPtr lParam)\n       at MS.Win32.UnsafeNativeMethods.DispatchMessage(MSG& msg)\n       at System.Windows.Threading.Dispatcher.PushFrameImpl(DispatcherFrame frame)\n       at System.Windows.Threading.Dispatcher.PushFrame(DispatcherFrame frame)\n       at System.Windows.Threading.Dispatcher.Run()\n       at wixstddotnetba.WixStandardDotNetBootrapperApplication.RunInner()\n  InnerException:",
    "LastUpdatedDate": "2014-05-22T03:16:39.453-07:00",
    "PlannedForRelease": "",
    "ReleaseVisibleToPublic": false,
    "Priority": {
      "Name": "Unassigned",
      "Severity": 0,
      "Id": 0
    },
    "ProjectName": "wpfinspector",
    "ReportedDate": "2014-05-22T03:16:39.453-07:00",
    "Status": {
      "Name": "Proposed",
      "Id": 1
    },
    "ReasonClosed": {
      "Name": "Unassigned"
    },
    "Summary": "NullReferenceException inspecting application",
    "Type": {
      "Name": "Unassigned",
      "Id": 5
    },
    "VoteCount": 1,
    "Id": 1406
  },
  "FileAttachments": [],
  "Comments": []
}