{
  "WorkItem": {
    "AffectedComponent": {
      "Name": "",
      "DisplayName": ""
    },
    "ClosedComment": "",
    "ClosedDate": null,
    "CommentCount": 0,
    "Custom": null,
    "Description": "It seems that Wpf Inspector doesn't see application that are \"run as administrator\".",
    "LastUpdatedDate": "2014-03-31T05:57:07.473-07:00",
    "PlannedForRelease": "",
    "ReleaseVisibleToPublic": false,
    "Priority": {
      "Name": "Unassigned",
      "Severity": 0,
      "Id": 0
    },
    "ProjectName": "wpfinspector",
    "ReportedDate": "2014-03-13T06:14:07.833-07:00",
    "Status": {
      "Name": "Proposed",
      "Id": 1
    },
    "ReasonClosed": {
      "Name": "Unassigned"
    },
    "Summary": "Application not seen when \"run as admin\"",
    "Type": {
      "Name": "Unassigned",
      "Id": 5
    },
    "VoteCount": 2,
    "Id": 1381
  },
  "FileAttachments": [],
  "Comments": [
    {
      "Message": "WPF Inspector run in administrator mode can see the subject applications.",
      "PostedDate": "2014-03-31T05:57:07.473-07:00",
      "Id": -2147483648
    }
  ]
}