{
  "WorkItem": {
    "AffectedComponent": {
      "Name": "",
      "DisplayName": ""
    },
    "ClosedComment": "",
    "ClosedDate": null,
    "CommentCount": 0,
    "Custom": null,
    "Description": "Could be nice to have a feature where you would be able to see a log of INotifyPropertyChanged.PropertyChanged and INotifyCollectionChanged.CollectionChanged events raised by the DataContext.\nYou should be able to see which property what was changed and which Action in the CollectionChanged event was performed (Add, Remove, Reset, Move).",
    "LastUpdatedDate": "2013-02-21T15:55:18.77-08:00",
    "PlannedForRelease": "",
    "ReleaseVisibleToPublic": false,
    "Priority": {
      "Name": "Low",
      "Severity": 50,
      "Id": 1
    },
    "ProjectName": "wpfinspector",
    "ReportedDate": "2012-10-02T11:00:45.4-07:00",
    "Status": {
      "Name": "Proposed",
      "Id": 1
    },
    "ReasonClosed": {
      "Name": "Unassigned"
    },
    "Summary": "Feature: Support for NotifyPropertyChanged",
    "Type": {
      "Name": "Issue",
      "Id": 3
    },
    "VoteCount": 1,
    "Id": 1067
  },
  "FileAttachments": [],
  "Comments": []
}