{
  "WorkItem": {
    "AffectedComponent": {
      "Name": "",
      "DisplayName": ""
    },
    "ClosedComment": "",
    "ClosedDate": null,
    "CommentCount": 0,
    "Custom": null,
    "Description": "Errors list can only display one line of text per error which makes it useless while error description is long.",
    "LastUpdatedDate": "2013-02-21T15:55:20.213-08:00",
    "PlannedForRelease": "",
    "ReleaseVisibleToPublic": false,
    "Priority": {
      "Name": "Low",
      "Severity": 50,
      "Id": 1
    },
    "ProjectName": "wpfinspector",
    "ReportedDate": "2011-06-10T08:00:25.28-07:00",
    "Status": {
      "Name": "Proposed",
      "Id": 1
    },
    "ReasonClosed": {
      "Name": "Unassigned"
    },
    "Summary": "Unreadable errors list",
    "Type": {
      "Name": "Issue",
      "Id": 3
    },
    "VoteCount": 1,
    "Id": 632
  },
  "FileAttachments": [
    {
      "FileId": 261,
      "FileName": "long_error.png",
      "DownloadUrl": ".\\261"
    }
  ],
  "Comments": []
}