{
  "WorkItem": {
    "AffectedComponent": {
      "Name": "",
      "DisplayName": ""
    },
    "ClosedComment": "",
    "ClosedDate": null,
    "CommentCount": 0,
    "Custom": null,
    "Description": "I realise nobody every claimed this would work with 4.5, but it doesn't seem to be very far off and I'm going to miss this tool until it's updated.\n \nAfter I select any UI element either in the tree or using Ctrl+click, I get at least 400 Resource not found warnings in my application.  These take a long time to run through, so it makes using the tool very slow.",
    "LastUpdatedDate": "2014-01-08T06:06:13.793-08:00",
    "PlannedForRelease": "",
    "ReleaseVisibleToPublic": false,
    "Priority": {
      "Name": "Low",
      "Severity": 50,
      "Id": 1
    },
    "ProjectName": "wpfinspector",
    "ReportedDate": "2012-08-20T05:03:57.36-07:00",
    "Status": {
      "Name": "Proposed",
      "Id": 1
    },
    "ReasonClosed": {
      "Name": "Unassigned"
    },
    "Summary": "Slight incompatibility with .Net 4.5",
    "Type": {
      "Name": "Issue",
      "Id": 3
    },
    "VoteCount": 2,
    "Id": 1037
  },
  "FileAttachments": [],
  "Comments": []
}