{
  "WorkItem": {
    "AffectedComponent": {
      "Name": "",
      "DisplayName": ""
    },
    "ClosedComment": "",
    "ClosedDate": null,
    "CommentCount": 0,
    "Custom": null,
    "Description": "Hello!\n\n  I've tried to use WPF Inspector for our application, and for the first time it was ok. But later, when I again was in need of WPF Inspector I discovered strange behavior - WPF Inspector just disappears right after I double click on my app, or select my app and click on attach button.\n It disappears without a trace, any errors or something meaningful (even from process list in task manager).",
    "LastUpdatedDate": "2014-04-28T07:16:57.09-07:00",
    "PlannedForRelease": "",
    "ReleaseVisibleToPublic": false,
    "Priority": {
      "Name": "Unassigned",
      "Severity": 0,
      "Id": 0
    },
    "ProjectName": "wpfinspector",
    "ReportedDate": "2013-05-27T06:33:45.297-07:00",
    "Status": {
      "Name": "Proposed",
      "Id": 1
    },
    "ReasonClosed": {
      "Name": "Unassigned"
    },
    "Summary": "WPF Inspector disappear after Attach",
    "Type": {
      "Name": "Unassigned",
      "Id": 5
    },
    "VoteCount": 1,
    "Id": 1172
  },
  "FileAttachments": [],
  "Comments": [
    {
      "Message": "If I attach VisualStudio to see thrown exceptions, and try to attach WPF Inspector to my app, then I can see following exception:\nInvalidOperationException,  message:\n  Cannot set Owner property to a Window that has not been shown previously.\r\n\r\nWhat could be a source of the problem? Is it my app, my env, or something else?",
      "PostedDate": "2013-05-27T07:03:38.427-07:00",
      "Id": -2147483648
    },
    {
      "Message": "I have the same problem.\r\n\r\nWPF Inspector was working fine for a few weeks/months, and then, out the blue, the window disappeared after attaching to a process.\r\n\r\nI have no recollection of changing anything in my system.\r\n\r\nIs there any way you could look into it?\r\n\r\nThanks :)",
      "PostedDate": "2014-04-28T07:16:57.09-07:00",
      "Id": -2147483648
    }
  ]
}