[
  {
    "Id": 474,
    "Title": "The handle is invalid."
  },
  {
    "Id": 489,
    "Title": "Can't select WPF application"
  },
  {
    "Id": 632,
    "Title": "Unreadable errors list"
  },
  {
    "Id": 663,
    "Title": "Still getting \"Trigger too complex to inspect!\" crash message"
  },
  {
    "Id": 836,
    "Title": "Obsolete issue - To be removed"
  },
  {
    "Id": 925,
    "Title": "Make readonly labels copyable"
  },
  {
    "Id": 1037,
    "Title": "Slight incompatibility with .Net 4.5"
  },
  {
    "Id": 1054,
    "Title": "Elements tree display glitch"
  },
  {
    "Id": 1067,
    "Title": "Feature: Support for NotifyPropertyChanged"
  },
  {
    "Id": 1130,
    "Title": "64 bit Compatibility"
  },
  {
    "Id": 1171,
    "Title": "Unable to cast EventSetter Exception"
  },
  {
    "Id": 1172,
    "Title": "WPF Inspector disappear after Attach"
  },
  {
    "Id": 1381,
    "Title": "Application not seen when \"run as admin\""
  },
  {
    "Id": 1406,
    "Title": "NullReferenceException inspecting application"
  },
  {
    "Id": 1597,
    "Title": "Support attached properties"
  },
  {
    "Id": 1640,
    "Title": "{\"The calling thread cannot access this object because a different thread owns it.\"}"
  },
  {
    "Id": 1654,
    "Title": "Target throws exception when attaching Inspector"
  }
]