[
  {
    "Id": "0",
    "Name": "WPF Inspector 0.9.8",
    "DevelopmentStatus": "Stable",
    "Description": "*New Features in Version 0.9.8*\n\n  - Much improved Style Explorer\n  - Storing the last window position\n  - Inspector stays operateable when a modal dialog is open\n  - Improved visualization of Resources\n  - Style item in property grid\n  - Bugfixes",
    "ReleasedDatge": "0001-01-01T00:00:00",
    "ModifiedDate": "2011-03-18T18:05:37.92-07:00",
    "Files": [
      {
        "Id": "aa91fb0a-d9db-4c7a-91e4-112b6dcc6249",
        "FileName": "WPFInspector_0_9_8.msi",
        "Url": "./0/aa91fb0a-d9db-4c7a-91e4-112b6dcc6249",
        "Type": "Application",
        "UploadDate": "2011-03-18T18:05:37.53-07:00"
      }
    ]
  },
  {
    "Id": "1",
    "Name": "WPF Inspector 0.9.7",
    "DevelopmentStatus": "Stable",
    "Description": "*New Features in Version 0.9.7*\n  - Support for .NET 3.5 and 4.0\n  - Multi-inspection of the same process\n  - Property-Filtering for multiple keywords e.g. \"Height Width\"\n  - Smart Element Selection\n      - Select Controls by clicking CTRL,\n      - Select Template-Parts by clicking CTRL+SHIFT\n  - Possibility to hide the element adorner (over the context menu on the visual tree)\n  - Many bugfixes",
    "ReleasedDatge": "0001-01-01T00:00:00",
    "ModifiedDate": "2011-03-11T02:27:08.053-08:00",
    "Files": [
      {
        "Id": "cf227822-54ab-48d8-b614-4274039a1d99",
        "FileName": "WPFInspector_0_9_7.msi",
        "Url": "./1/cf227822-54ab-48d8-b614-4274039a1d99",
        "Type": "Application",
        "UploadDate": "2011-03-11T02:25:11.307-08:00"
      }
    ]
  },
  {
    "Id": "2",
    "Name": "WPF Inspector 0.9.9",
    "DevelopmentStatus": "Stable",
    "Description": "This is mainly a bug fix release that fixed the following bugs:\n\n- Default Styles are not listed on the style explorer\n- Crash with a \"Trigger too complex\" exception\n- Crash with a \"Resource ... not found\" exception\n\nand at least two new features:\n\n - Property Editor for Styles (Combobox to select from all applicable styles)\n - Property Editor for Images (Showing the source and Browse button)",
    "ReleasedDatge": "0001-01-01T00:00:00",
    "ModifiedDate": "2011-04-08T02:45:46.59-07:00",
    "Files": [
      {
        "Id": "e351c61d-9ba0-4803-8818-eac37213a38f",
        "FileName": "WPFInspector_0_9_9.msi",
        "Url": "./2/e351c61d-9ba0-4803-8818-eac37213a38f",
        "Type": "Application",
        "UploadDate": "2011-04-08T02:43:26.103-07:00"
      }
    ]
  }
]